{
  "condition": "ppo_only",
  "env_type": "doorkey",
  "env_steps": [
    5008,
    10000,
    15008,
    20000,
    25008,
    30000,
    35008,
    40000,
    45008,
    50000,
    55008,
    60000,
    65008,
    70000,
    75008,
    80000,
    85008,
    90000,
    95008,
    100000,
    105008,
    110000,
    115008,
    120000,
    125008,
    130000,
    135008,
    140000,
    145008,
    150000,
    155008,
    160000,
    165008,
    170000,
    175008,
    180000,
    185008,
    190000,
    195008,
    200000
  ],
  "success_rate": [
    0.02,
    0.02,
    0.1,
    0.1,
    0.04,
    0.04,
    0.14,
    0.12,
    0.12,
    0.14,
    0.24,
    0.26,
    0.2,
    0.24,
    0.16,
    0.2,
    0.2,
    0.1,
    0.26,
    0.3,
    0.22,
    0.28,
    0.2,
    0.24,
    0.22,
    0.24,
    0.32,
    0.4,
    0.4,
    0.26,
    0.32,
    0.38,
    0.38,
    0.42,
    0.4,
    0.36,
    0.32,
    0.38,
    0.34,
    0.42
  ],
  "ssl_loss_ewa": [
    0.0,
    0.0,
    0.0,
    0.0,
    0.0,
    0.0,
    0.0,
    0.0,
    0.0,
    0.0,
    0.0,
    0.0,
    0.0,
    0.0,
    0.0,
    0.0,
    0.0,
    0.0,
    0.0,
    0.0,
    0.0,
    0.0,
    0.0,
    0.0,
    0.0,
    0.0,
    0.0,
    0.0,
    0.0,
    0.0,
    0.0,
    0.0,
    0.0,
    0.0,
    0.0,
    0.0,
    0.0,
    0.0,
    0.0,
    0.0
  ],
  "mode": [
    "ACT",
    "ACT",
    "ACT",
    "ACT",
    "ACT",
    "ACT",
    "ACT",
    "ACT",
    "ACT",
    "ACT",
    "ACT",
    "ACT",
    "ACT",
    "ACT",
    "ACT",
    "ACT",
    "ACT",
    "ACT",
    "ACT",
    "ACT",
    "ACT",
    "ACT",
    "ACT",
    "ACT",
    "ACT",
    "ACT",
    "ACT",
    "ACT",
    "ACT",
    "ACT",
    "ACT",
    "ACT",
    "ACT",
    "ACT",
    "ACT",
    "ACT",
    "ACT",
    "ACT",
    "ACT",
    "ACT"
  ],
  "wall_time_s": [
    20.925063133239746,
    40.892632484436035,
    60.488813400268555,
    80.06465554237366,
    99.95753169059753,
    119.56940174102783,
    138.94522070884705,
    158.1943383216858,
    177.59850215911865,
    197.11040472984314,
    215.27410364151,
    233.25262022018433,
    251.38953351974487,
    270.1720311641693,
    288.9007725715637,
    307.332891702652,
    325.52171874046326,
    344.9428336620331,
    362.7196445465088,
    380.8314034938812,
    399.9679465293884,
    418.2095501422882,
    436.97910356521606,
    455.0659441947937,
    473.15184235572815,
    491.3163003921509,
    508.4375853538513,
    525.6175682544708,
    542.5478253364563,
    560.275520324707,
    577.819486618042,
    594.8114211559296,
    611.3781044483185,
    628.4906272888184,
    645.2671217918396,
    662.4177684783936,
    679.2588994503021,
    696.7490282058716,
    714.2138330936432,
    730.7610874176025
  ],
  "per_tier": [
    {},
    {},
    {},
    {},
    {},
    {},
    {},
    {},
    {},
    {},
    {},
    {},
    {},
    {},
    {},
    {},
    {},
    {},
    {},
    {},
    {},
    {},
    {},
    {},
    {},
    {},
    {},
    {},
    {},
    {},
    {},
    {},
    {},
    {},
    {},
    {},
    {},
    {},
    {},
    {}
  ],
  "steps_to_80pct": null,
  "n_switches": 0,
  "switch_log": [],
  "total_time_s": 730.8357503414154,
  "act_steps": 200000,
  "observe_steps": 0
}