{
  "condition": "lewm_maniskill_pickcube",
  "env_type": "fetch_picknplace",
  "env_steps": [
    10000,
    20000,
    30000,
    40000,
    50000,
    60000,
    70000,
    80000,
    90000,
    100000,
    110000,
    120000,
    130000,
    140000,
    150000,
    160000,
    170000,
    180000,
    190000,
    200000,
    210000,
    220000,
    230000,
    240000,
    250000,
    260000,
    270000,
    280000,
    290000,
    300000,
    310000,
    320000,
    330000,
    340000,
    350000,
    360000,
    370000,
    380000,
    390000,
    400000
  ],
  "success_rate": [
    0.0,
    0.0,
    0.2,
    0.0,
    0.0,
    0.0,
    0.0,
    0.0,
    0.2,
    0.2,
    0.0,
    0.0,
    0.0,
    0.0,
    0.0,
    0.0,
    0.2,
    0.0,
    0.2,
    0.0,
    0.0,
    0.0,
    0.0,
    0.0,
    0.0,
    0.0,
    0.0,
    0.2,
    0.0,
    0.0,
    0.2,
    0.2,
    0.0,
    0.2,
    0.0,
    0.0,
    0.2,
    0.0,
    0.0,
    0.0
  ],
  "near_rate": [
    0.0,
    0.2,
    0.4,
    0.2,
    0.0,
    0.2,
    0.2,
    0.2,
    0.4,
    0.4,
    0.4,
    0.0,
    0.0,
    0.6,
    0.0,
    0.0,
    0.2,
    0.0,
    0.2,
    0.0,
    0.0,
    0.0,
    0.0,
    0.0,
    0.0,
    0.0,
    0.0,
    0.2,
    0.4,
    0.2,
    0.2,
    0.2,
    0.0,
    0.4,
    0.0,
    0.4,
    0.2,
    0.2,
    0.0,
    0.0
  ],
  "pred_loss_ewa": [
    0.057692256465931804,
    0.004153548314910381,
    0.004128962353643527,
    0.003148564038186193,
    0.0021440731024433566,
    0.018937694916745455,
    0.0004335986182197943,
    0.0025078014383381167,
    0.00437960929522527,
    0.0004878728055388686,
    0.0002330757520689045,
    0.0014271676964889976,
    0.000715165399538563,
    0.0011000241466696194,
    0.0007748355920931885,
    0.0007445779564026621,
    0.0007902460216924013,
    0.0003586438851435236,
    0.0003034605960412792,
    0.0003011104929426528,
    0.0003011104929426528,
    0.0003011104929426528,
    0.0003011104929426528,
    0.0003011104929426528,
    0.0003011104929426528,
    0.0003011104929426528,
    0.0003011104929426528,
    0.0003011104929426528,
    0.0003011104929426528,
    0.0003011104929426528,
    0.0003011104929426528,
    0.0003011104929426528,
    0.0003011104929426528,
    0.0003011104929426528,
    0.0003011104929426528,
    0.0003011104929426528,
    0.0003011104929426528,
    0.0003011104929426528,
    0.0003011104929426528,
    0.0003011104929426528
  ],
  "sigreg_loss_ewa": [
    1.0189965167870216,
    0.3682416079758787,
    0.36600458156546484,
    0.367919069581803,
    0.36724604709247366,
    0.5731211651084955,
    1.000048445422908,
    1.0067258361959082,
    1.0135024022466084,
    1.001153738206455,
    1.0005543631979381,
    1.0057621212507213,
    1.0016708471732856,
    1.002926155979404,
    1.001868786929861,
    1.001984980067201,
    1.0019258674769178,
    1.0008168262427801,
    1.0006892163675722,
    1.0006923743664289,
    1.0006923743664289,
    1.0006923743664289,
    1.0006923743664289,
    1.0006923743664289,
    1.0006923743664289,
    1.0006923743664289,
    1.0006923743664289,
    1.0006923743664289,
    1.0006923743664289,
    1.0006923743664289,
    1.0006923743664289,
    1.0006923743664289,
    1.0006923743664289,
    1.0006923743664289,
    1.0006923743664289,
    1.0006923743664289,
    1.0006923743664289,
    1.0006923743664289,
    1.0006923743664289,
    1.0006923743664289
  ],
  "mode": [
    "OBSERVE",
    "OBSERVE",
    "OBSERVE",
    "OBSERVE",
    "OBSERVE",
    "OBSERVE",
    "OBSERVE",
    "OBSERVE",
    "OBSERVE",
    "OBSERVE",
    "OBSERVE",
    "OBSERVE",
    "OBSERVE",
    "OBSERVE",
    "OBSERVE",
    "OBSERVE",
    "OBSERVE",
    "OBSERVE",
    "OBSERVE",
    "OBSERVE",
    "ACT",
    "ACT",
    "ACT",
    "ACT",
    "ACT",
    "ACT",
    "ACT",
    "ACT",
    "ACT",
    "ACT",
    "ACT",
    "ACT",
    "ACT",
    "ACT",
    "ACT",
    "ACT",
    "ACT",
    "ACT",
    "ACT",
    "ACT"
  ],
  "wall_time_s": [
    66.11686754226685,
    126.79604768753052,
    185.60460901260376,
    246.02445554733276,
    303.7332501411438,
    366.710156917572,
    429.07689142227173,
    491.81443095207214,
    553.6619763374329,
    615.9956080913544,
    677.6396458148956,
    739.7816076278687,
    799.0161917209625,
    862.1918611526489,
    924.4027276039124,
    986.0137133598328,
    1047.6242036819458,
    1109.9936954975128,
    1172.2235925197601,
    1233.0924699306488,
    1858.4220280647278,
    2482.9726831912994,
    3122.9119918346405,
    3784.423115491867,
    4442.185263633728,
    5075.017276763916,
    5717.334942817688,
    6394.711190462112,
    7048.4215841293335,
    7707.798931360245,
    8366.690135478973,
    9040.930100917816,
    9714.341791391373,
    10381.008268356323,
    11038.245766878128,
    11617.69664144516,
    12197.536929130554,
    12791.346752643585,
    13377.327335834503,
    13975.501750946045
  ],
  "best_success": 0.2,
  "total_time_s": 13975.508386850357,
  "act_steps": 200000,
  "observe_steps": 200000
}