{
  "condition": "lewm_maniskill_hierarchy",
  "env_type": "fetch_hierarchy",
  "env_steps": [
    10000,
    20000,
    30000,
    40000,
    50000,
    60000,
    70000,
    80000,
    90000,
    100000,
    110000,
    120000,
    130000,
    140000,
    150000,
    160000,
    170000,
    180000,
    190000,
    200000,
    210000,
    220000,
    230000,
    240000,
    250000,
    260000,
    270000,
    280000,
    290000,
    300000,
    310000,
    320000,
    330000,
    340000,
    350000,
    360000,
    370000,
    380000,
    390000,
    400000
  ],
  "success_rate": [
    0.0,
    0.0,
    0.0,
    0.0,
    0.0,
    0.2,
    0.0,
    0.2,
    0.0,
    0.2,
    0.0,
    0.0,
    0.0,
    0.0,
    0.0,
    0.0,
    0.0,
    0.0,
    0.0,
    0.2,
    0.0,
    0.0,
    0.0,
    0.0,
    0.0,
    0.0,
    0.0,
    0.0,
    0.2,
    0.0,
    0.0,
    0.0,
    0.4,
    0.0,
    0.0,
    0.0,
    0.0,
    0.0,
    0.0,
    0.0
  ],
  "near_rate": [
    0.2,
    0.0,
    0.0,
    0.0,
    0.0,
    0.2,
    0.0,
    0.2,
    0.0,
    0.2,
    0.0,
    0.0,
    0.2,
    0.0,
    0.0,
    0.0,
    0.2,
    0.0,
    0.6,
    0.4,
    0.2,
    0.0,
    0.0,
    0.0,
    0.0,
    0.0,
    0.2,
    0.0,
    0.6,
    0.0,
    0.0,
    0.0,
    0.6,
    0.0,
    0.4,
    0.2,
    0.0,
    0.0,
    0.0,
    0.2
  ],
  "pred_loss_ewa": [
    0.005505472861173067,
    0.004274581916520013,
    0.0052248991158688135,
    0.004348770746613353,
    0.0035318820686313975,
    0.021342253696889607,
    0.0019945222725697783,
    0.003356835301326767,
    0.0025152920326019187,
    0.0010356202437260536,
    0.00017516911496686874,
    0.0009740313548490993,
    0.0005915157872429891,
    0.001161150514618364,
    0.0007672378653814061,
    0.0004261319385778154,
    0.00035662861592704185,
    0.0006850977219389773,
    0.0005268072058104373,
    0.00041535858519217266,
    0.00041535858519217266,
    0.00041535858519217266,
    0.00041535858519217266,
    0.00041535858519217266,
    0.00041535858519217266,
    0.00041535858519217266,
    0.00041535858519217266,
    0.00041535858519217266,
    0.00041535858519217266,
    0.00041535858519217266,
    0.00041535858519217266,
    0.00041535858519217266,
    0.00041535858519217266,
    0.00041535858519217266,
    0.00041535858519217266,
    0.00041535858519217266,
    0.00041535858519217266,
    0.00041535858519217266,
    0.00041535858519217266,
    0.00041535858519217266
  ],
  "hi_loss_ewa": [
    0.005993197376905415,
    0.005948924906741917,
    0.006302117626859531,
    0.00547960638287838,
    0.004579840793905986,
    0.02174728151836839,
    0.004686971384167507,
    0.003484435983337575,
    0.002699743834484112,
    0.001135497478515569,
    0.0002236271557500122,
    0.0012028688570284137,
    0.00068621464466079,
    0.0013827407935780693,
    0.0009177716556087009,
    0.0005476392110690464,
    0.00047474938096975737,
    0.0008441365465669139,
    0.0006915934261175709,
    0.0005330232721886263,
    0.0005330232721886263,
    0.0005330232721886263,
    0.0005330232721886263,
    0.0005330232721886263,
    0.0005330232721886263,
    0.0005330232721886263,
    0.0005330232721886263,
    0.0005330232721886263,
    0.0005330232721886263,
    0.0005330232721886263,
    0.0005330232721886263,
    0.0005330232721886263,
    0.0005330232721886263,
    0.0005330232721886263,
    0.0005330232721886263,
    0.0005330232721886263,
    0.0005330232721886263,
    0.0005330232721886263,
    0.0005330232721886263,
    0.0005330232721886263
  ],
  "sigreg_loss_ewa": [
    1.0030942881787526,
    0.36669607518737557,
    0.3661696478879211,
    0.36737783774711436,
    0.36648165830774593,
    0.6613141209315568,
    1.0038306786683031,
    1.009927529029935,
    1.0085834809744507,
    1.0026842450933482,
    1.0003859865577556,
    1.0024356986748035,
    1.0013758227189178,
    1.0027878290289458,
    1.0016200728575297,
    1.0008607742684412,
    1.0007738657943344,
    1.0014295490369982,
    1.001145730659357,
    1.0009301476121923,
    1.0009301476121923,
    1.0009301476121923,
    1.0009301476121923,
    1.0009301476121923,
    1.0009301476121923,
    1.0009301476121923,
    1.0009301476121923,
    1.0009301476121923,
    1.0009301476121923,
    1.0009301476121923,
    1.0009301476121923,
    1.0009301476121923,
    1.0009301476121923,
    1.0009301476121923,
    1.0009301476121923,
    1.0009301476121923,
    1.0009301476121923,
    1.0009301476121923,
    1.0009301476121923,
    1.0009301476121923
  ],
  "mode": [
    "OBSERVE",
    "OBSERVE",
    "OBSERVE",
    "OBSERVE",
    "OBSERVE",
    "OBSERVE",
    "OBSERVE",
    "OBSERVE",
    "OBSERVE",
    "OBSERVE",
    "OBSERVE",
    "OBSERVE",
    "OBSERVE",
    "OBSERVE",
    "OBSERVE",
    "OBSERVE",
    "OBSERVE",
    "OBSERVE",
    "OBSERVE",
    "OBSERVE",
    "ACT",
    "ACT",
    "ACT",
    "ACT",
    "ACT",
    "ACT",
    "ACT",
    "ACT",
    "ACT",
    "ACT",
    "ACT",
    "ACT",
    "ACT",
    "ACT",
    "ACT",
    "ACT",
    "ACT",
    "ACT",
    "ACT",
    "ACT"
  ],
  "wall_time_s": [
    70.37503457069397,
    134.8581349849701,
    197.0680570602417,
    257.63169980049133,
    317.14628529548645,
    376.35983324050903,
    432.926078081131,
    492.3202133178711,
    554.3788123130798,
    614.5605185031891,
    670.5667147636414,
    728.9108488559723,
    789.1547954082489,
    851.2582886219025,
    914.111677646637,
    975.0719811916351,
    1035.6023573875427,
    1094.2325859069824,
    1155.5994210243225,
    1217.9261095523834,
    1384.4748520851135,
    1549.5863943099976,
    1713.601578950882,
    1877.614777803421,
    2044.6020903587341,
    2208.323215007782,
    2377.0238497257233,
    2543.272675514221,
    2711.572599172592,
    2879.5577087402344,
    3046.3309614658356,
    3216.7072043418884,
    3386.72865152359,
    3552.6308517456055,
    3718.264760017395,
    3882.530818462372,
    4046.9760756492615,
    4210.554983139038,
    4378.27174115181,
    4541.0996351242065
  ],
  "best_success": 0.4,
  "total_time_s": 4541.1152131557465,
  "act_steps": 200000,
  "observe_steps": 200000
}